{
  "config": {
    "onerror": {
      "errorPageUrl": "",
      "appErrorFilter": null
    },
    "session": {
      "maxAge": 86400000,
      "key": "EGG_SESS",
      "httpOnly": true,
      "encrypt": true,
      "overwrite": true,
      "signed": true,
      "encode": "<Function encode>",
      "decode": "<Function decode>"
    },
    "i18n": {
      "defaultLocale": "en_US",
      "dirs": [
        "C:\\wamp64\\www\\trade-v2\\node_modules\\egg-onerror\\config\\locales",
        "C:\\wamp64\\www\\trade-v2\\node_modules\\egg-session\\config\\locales",
        "C:\\wamp64\\www\\trade-v2\\node_modules\\egg-i18n\\config\\locales",
        "C:\\wamp64\\www\\trade-v2\\node_modules\\egg-watcher\\config\\locales",
        "C:\\wamp64\\www\\trade-v2\\node_modules\\egg-multipart\\config\\locales",
        "C:\\wamp64\\www\\trade-v2\\node_modules\\egg-security\\config\\locales",
        "C:\\wamp64\\www\\trade-v2\\node_modules\\egg-development\\config\\locales",
        "C:\\wamp64\\www\\trade-v2\\node_modules\\egg-schedule\\config\\locales",
        "C:\\wamp64\\www\\trade-v2\\node_modules\\egg-logrotator\\config\\locales",
        "C:\\wamp64\\www\\trade-v2\\node_modules\\egg-static\\config\\locales",
        "C:\\wamp64\\www\\trade-v2\\node_modules\\egg-jsonp\\config\\locales",
        "C:\\wamp64\\www\\trade-v2\\node_modules\\egg-view\\config\\locales",
        "C:\\wamp64\\www\\trade-v2\\node_modules\\egg\\config\\locales",
        "C:\\wamp64\\www\\trade-v2\\config\\locales"
      ],
      "queryField": "locale",
      "cookieField": "locale",
      "cookieMaxAge": "1y",
      "functionName": "__"
    },
    "watcher": {
      "type": "development",
      "eventSources": {
        "default": "C:\\wamp64\\www\\trade-v2\\node_modules\\egg-watcher\\lib\\event-sources\\default",
        "development": "C:\\wamp64\\www\\trade-v2\\node_modules\\egg-watcher\\lib\\event-sources\\development"
      }
    },
    "multipart": {
      "autoFields": false,
      "defaultCharset": "utf8",
      "fieldNameSize": 100,
      "fieldSize": 102400,
      "fields": 10,
      "fileSize": 10485760,
      "files": 10,
      "fileExtensions": [],
      "whitelist": null
    },
    "security": {
      "domainWhiteList": [],
      "protocolWhiteList": [],
      "defaultMiddleware": "csrf,hsts,methodnoallow,noopen,nosniff,csp,xssProtection,xframe,dta",
      "csrf": {
        "enable": true,
        "useSession": false,
        "ignoreJSON": false,
        "cookieName": "csrfToken",
        "sessionName": "csrfToken",
        "headerName": "x-csrf-token",
        "bodyName": "_csrf",
        "queryName": "_csrf",
        "matching": "<Function anonymous>"
      },
      "xframe": {
        "enable": true,
        "value": "SAMEORIGIN",
        "matching": "<Function anonymous>"
      },
      "hsts": {
        "enable": false,
        "maxAge": 31536000,
        "includeSubdomains": false
      },
      "dta": {
        "enable": true,
        "matching": "<Function anonymous>"
      },
      "methodnoallow": {
        "enable": true,
        "matching": "<Function anonymous>"
      },
      "noopen": {
        "enable": true,
        "matching": "<Function anonymous>"
      },
      "nosniff": {
        "enable": true,
        "matching": "<Function anonymous>"
      },
      "xssProtection": {
        "enable": true,
        "value": "1; mode=block",
        "matching": "<Function anonymous>"
      },
      "csp": {
        "enable": false,
        "policy": {}
      }
    },
    "helper": {
      "shtml": {}
    },
    "development": {
      "watchDirs": [],
      "ignoreDirs": [],
      "fastReady": true,
      "reloadOnDebug": true
    },
    "logrotator": {
      "filesRotateByHour": null,
      "filesRotateBySize": null,
      "maxFileSize": 52428800,
      "maxFiles": 10,
      "rotateDuration": 60000,
      "maxDays": 31
    },
    "static": {
      "prefix": "/public/",
      "dir": "C:\\wamp64\\www\\trade-v2\\app\\public",
      "dynamic": true,
      "preload": false,
      "buffer": false,
      "maxFiles": 1000,
      "files": "<LRU>"
    },
    "jsonp": {
      "limit": 50,
      "callback": [
        "_callback",
        "callback"
      ],
      "csrf": false
    },
    "view": {
      "root": "C:\\wamp64\\www\\trade-v2\\app\\view",
      "cache": false,
      "defaultExtension": ".html",
      "defaultViewEngine": "",
      "mapping": {}
    },
    "env": "local",
    "name": "trade-v2",
    "keys": "<String len: 27>",
    "proxy": false,
    "protocolHeaders": "x-forwarded-proto",
    "ipHeaders": "x-forwarded-for",
    "hostHeaders": "x-forwarded-host",
    "pkg": {
      "name": "trade-v2",
      "version": "1.0.0",
      "description": "trade",
      "private": true,
      "dependencies": {
        "egg": "^1.4.0"
      },
      "devDependencies": {
        "autod": "^2.8.0",
        "autod-egg": "^1.0.0",
        "egg-bin": "^3.4.0",
        "egg-ci": "^1.6.0",
        "egg-mock": "^3.7.0",
        "eslint": "^3.19.0",
        "eslint-config-egg": "^4.2.0",
        "webstorm-disable-index": "^1.2.0"
      },
      "engines": {
        "node": ">=6.0.0"
      },
      "scripts": {
        "start": "node index.js",
        "dev": "egg-bin dev",
        "test": "npm run lint -- --fix && npm run test-local",
        "test-local": "egg-bin test",
        "cov": "egg-bin cov",
        "lint": "eslint .",
        "ci": "npm run lint && npm run cov",
        "autod": "autod"
      },
      "ci": {
        "version": "6, 8"
      },
      "repository": {
        "type": "git",
        "url": ""
      },
      "author": "joe",
      "license": "MIT"
    },
    "baseDir": "C:\\wamp64\\www\\trade-v2",
    "HOME": "C:\\Users\\zouyongliang",
    "rundir": "C:\\wamp64\\www\\trade-v2\\run",
    "dump": {
      "ignore": "<Set>"
    },
    "confusedConfigurations": {
      "bodyparser": "bodyParser",
      "notFound": "notfound",
      "sitefile": "siteFile",
      "middlewares": "middleware",
      "httpClient": "httpclient"
    },
    "notfound": {
      "pageUrl": ""
    },
    "siteFile": {
      "/favicon.ico": "<Buffer len: 14191>"
    },
    "bodyParser": {
      "enable": true,
      "encoding": "utf8",
      "formLimit": "100kb",
      "jsonLimit": "100kb",
      "strict": true,
      "queryString": {
        "arrayLimit": 100,
        "depth": 5,
        "parameterLimit": 1000
      },
      "returnRawBody": true
    },
    "logger": {
      "dir": "C:\\wamp64\\www\\trade-v2\\logs\\trade-v2",
      "encoding": "utf8",
      "env": "local",
      "level": "INFO",
      "consoleLevel": "INFO",
      "disableConsoleAfterReady": false,
      "outputJSON": false,
      "buffer": true,
      "appLogName": "trade-v2-web.log",
      "coreLogName": "egg-web.log",
      "agentLogName": "egg-agent.log",
      "errorLogName": "common-error.log",
      "coreLogger": {
        "consoleLevel": "WARN"
      },
      "type": "application"
    },
    "httpclient": {
      "keepAlive": true,
      "freeSocketKeepAliveTimeout": 4000,
      "timeout": 30000,
      "maxSockets": 9007199254740991,
      "maxFreeSockets": 256,
      "enableDNSCache": false,
      "dnsCacheMaxLength": 1000,
      "dnsCacheMaxAge": 10000
    },
    "coreMiddleware": [
      "meta",
      "siteFile",
      "notfound",
      "static",
      "bodyParser",
      "overrideMethod",
      "session",
      "i18n",
      "securities"
    ],
    "workerStartTimeout": 600000,
    "coreMiddlewares": [
      "meta",
      "siteFile",
      "notfound",
      "static",
      "bodyParser",
      "overrideMethod",
      "session",
      "i18n",
      "securities"
    ],
    "appMiddlewares": [],
    "appMiddleware": [],
    "multipartParseOptions": {
      "autoFields": false,
      "defCharset": "utf8",
      "limits": {
        "fieldNameSize": 100,
        "fieldSize": 102400,
        "fields": 10,
        "fileSize": 10485760,
        "files": 10
      },
      "checkFile": "<Function checkFile>"
    }
  },
  "plugins": {
    "onerror": {
      "enable": true,
      "package": "egg-onerror",
      "name": "onerror",
      "dependencies": [],
      "optionalDependencies": [],
      "env": [],
      "from": "C:\\wamp64\\www\\trade-v2\\node_modules\\egg\\config\\plugin.js",
      "path": "C:\\wamp64\\www\\trade-v2\\node_modules\\egg-onerror",
      "version": "1.4.6"
    },
    "session": {
      "enable": true,
      "package": "egg-session",
      "name": "session",
      "dependencies": [],
      "optionalDependencies": [],
      "env": [],
      "from": "C:\\wamp64\\www\\trade-v2\\node_modules\\egg\\config\\plugin.js",
      "path": "C:\\wamp64\\www\\trade-v2\\node_modules\\egg-session",
      "version": "2.1.1"
    },
    "i18n": {
      "enable": true,
      "package": "egg-i18n",
      "name": "i18n",
      "dependencies": [],
      "optionalDependencies": [],
      "env": [],
      "from": "C:\\wamp64\\www\\trade-v2\\node_modules\\egg\\config\\plugin.js",
      "path": "C:\\wamp64\\www\\trade-v2\\node_modules\\egg-i18n",
      "version": "1.1.1"
    },
    "watcher": {
      "enable": true,
      "package": "egg-watcher",
      "name": "watcher",
      "dependencies": [],
      "optionalDependencies": [],
      "env": [],
      "from": "C:\\wamp64\\www\\trade-v2\\node_modules\\egg\\config\\plugin.js",
      "path": "C:\\wamp64\\www\\trade-v2\\node_modules\\egg-watcher",
      "version": "2.1.3"
    },
    "multipart": {
      "enable": true,
      "package": "egg-multipart",
      "name": "multipart",
      "dependencies": [],
      "optionalDependencies": [],
      "env": [],
      "from": "C:\\wamp64\\www\\trade-v2\\node_modules\\egg\\config\\plugin.js",
      "path": "C:\\wamp64\\www\\trade-v2\\node_modules\\egg-multipart",
      "version": "1.5.0"
    },
    "security": {
      "enable": true,
      "package": "egg-security",
      "name": "security",
      "dependencies": [
        "session"
      ],
      "optionalDependencies": [],
      "env": [],
      "from": "C:\\wamp64\\www\\trade-v2\\node_modules\\egg\\config\\plugin.js",
      "path": "C:\\wamp64\\www\\trade-v2\\node_modules\\egg-security",
      "version": "1.11.0"
    },
    "development": {
      "enable": true,
      "package": "egg-development",
      "name": "development",
      "dependencies": [
        "watcher"
      ],
      "optionalDependencies": [],
      "env": [
        "local"
      ],
      "from": "C:\\wamp64\\www\\trade-v2\\node_modules\\egg\\config\\plugin.js",
      "path": "C:\\wamp64\\www\\trade-v2\\node_modules\\egg-development",
      "version": "1.3.1"
    },
    "schedule": {
      "enable": true,
      "package": "egg-schedule",
      "name": "schedule",
      "dependencies": [],
      "optionalDependencies": [],
      "env": [],
      "from": "C:\\wamp64\\www\\trade-v2\\node_modules\\egg\\config\\plugin.js",
      "path": "C:\\wamp64\\www\\trade-v2\\node_modules\\egg-schedule",
      "version": "2.4.1"
    },
    "logrotator": {
      "enable": true,
      "package": "egg-logrotator",
      "name": "logrotator",
      "dependencies": [
        "schedule"
      ],
      "optionalDependencies": [],
      "env": [],
      "from": "C:\\wamp64\\www\\trade-v2\\node_modules\\egg\\config\\plugin.js",
      "path": "C:\\wamp64\\www\\trade-v2\\node_modules\\egg-logrotator",
      "version": "2.2.3"
    },
    "static": {
      "enable": true,
      "package": "egg-static",
      "name": "static",
      "dependencies": [],
      "optionalDependencies": [],
      "env": [],
      "from": "C:\\wamp64\\www\\trade-v2\\node_modules\\egg\\config\\plugin.js",
      "path": "C:\\wamp64\\www\\trade-v2\\node_modules\\egg-static",
      "version": "1.4.1"
    },
    "jsonp": {
      "enable": true,
      "package": "egg-jsonp",
      "name": "jsonp",
      "dependencies": [],
      "optionalDependencies": [
        "security"
      ],
      "env": [],
      "from": "C:\\wamp64\\www\\trade-v2\\node_modules\\egg\\config\\plugin.js",
      "path": "C:\\wamp64\\www\\trade-v2\\node_modules\\egg-jsonp",
      "version": "1.1.1"
    },
    "view": {
      "enable": true,
      "package": "egg-view",
      "name": "view",
      "dependencies": [],
      "optionalDependencies": [],
      "env": [],
      "from": "C:\\wamp64\\www\\trade-v2\\node_modules\\egg\\config\\plugin.js",
      "path": "C:\\wamp64\\www\\trade-v2\\node_modules\\egg-view",
      "version": "1.1.1"
    }
  }
}